{
    "-2_0_-2_0": 0.0,
    "-2_0_-1_-1": 0.0,
    "-2_0_-1_0": 0.0,
    "-2_0_-1_1": 0.0,
    "-1_-1_-2_0": -0.8888888888888888,
    "-1_-1_-1_-1": 0.8888888888888888,
    "-1_-1_-1_0": 0.4444444444444444,
    "-1_-1_0_-2": 0.8888888888888888,
    "-1_-1_0_-1": -1.0,
    "-1_-1_0_0": -0.8888888888888888,
    "-1_0_-2_0": -1.0,
    "-1_0_-1_-1": 0.0,
    "-1_0_-1_0": -1.0,
    "-1_0_-1_1": 0.8888888888888888,
    "-1_0_0_-1": 0.0,
    "-1_0_0_0": -1.0,
    "-1_0_0_1": 0.0,
    "-1_1_-2_0": -0.8888888888888888,
    "-1_1_-1_0": -1.0,
    "-1_1_-1_1": 0.0,
    "-1_1_0_0": -0.8888888888888888,
    "-1_1_0_1": 0.8888888888888888,
    "-1_1_0_2": 0.5555555555555556,
    "0_-2_-1_-1": -0.1111111111111111,
    "0_-2_0_-2": 0.0,
    "0_-2_0_-1": 0.0,
    "0_-2_1_-1": 0.6666666666666666,
    "0_-1_-1_-1": -0.8888888888888888,
    "0_-1_-1_0": -0.8888888888888888,
    "0_-1_0_-2": -0.8888888888888888,
    "0_-1_0_-1": 0.8888888888888888,
    "0_-1_0_0": 0.4444444444444444,
    "0_-1_1_-1": -1.0,
    "0_-1_1_0": -0.1111111111111111,
    "0_0_-1_-1": -0.8888888888888888,
    "0_0_-1_0": -1.0,
    "0_0_-1_1": -1.0,
    "0_0_0_-1": 0.0,
    "0_0_0_0": 0.0,
    "0_0_0_1": -1.0,
    "0_0_1_-1": -1.0,
    "0_0_1_0": -1.0,
    "0_0_1_1": -1.0,
    "0_1_-1_0": -1.0,
    "0_1_-1_1": -1.0,
    "0_1_0_0": -1.0,
    "0_1_0_1": -1.0,
    "0_1_0_2": -1.0,
    "0_1_1_0": -1.0,
    "0_1_1_1": -0.8888888888888888,
    "0_2_-1_1": -0.8888888888888888,
    "0_2_0_1": -0.8888888888888888,
    "0_2_0_2": -0.8888888888888888,
    "0_2_1_1": -0.8888888888888888,
    "1_-1_0_-2": 0.8888888888888888,
    "1_-1_0_-1": -0.1111111111111111,
    "1_-1_0_0": -0.8888888888888888,
    "1_-1_1_-1": -0.1111111111111111,
    "1_-1_1_0": -0.8888888888888888,
    "1_-1_2_0": -0.2222222222222222,
    "1_0_0_-1": -0.2222222222222222,
    "1_0_0_0": -0.8888888888888888,
    "1_0_0_1": -0.8888888888888888,
    "1_0_1_-1": -1.0,
    "1_0_1_0": -1.0,
    "1_0_1_1": 0.0,
    "1_0_2_0": -0.1111111111111111,
    "1_1_0_0": -1.0,
    "1_1_0_1": -1.0,
    "1_1_0_2": -1.0,
    "1_1_1_0": 0.0,
    "1_1_1_1": -1.0,
    "1_1_2_0": -1.0,
    "2_0_1_-1": -0.7777777777777778,
    "2_0_1_0": -0.8888888888888888,
    "2_0_1_1": -0.8888888888888888,
    "2_0_2_0": -0.8888888888888888
}