{
    "-256.0_-256.0_-256.0_-128.0": 0.4444444444444444,
    "-256.0_-256.0_-128.0_-256.0": 0.4444444444444444,
    "-256.0_-256.0_-128.0_-128.0": 0.4444444444444444,
    "-256.0_0.0_-256.0_-128.0": -0.4444444444444444,
    "-256.0_0.0_-256.0_0.0": -0.4444444444444444,
    "-256.0_0.0_-256.0_128.0": -0.4444444444444444,
    "-256.0_0.0_-128.0_-128.0": -0.5,
    "-256.0_0.0_-128.0_0.0": -0.4444444444444444,
    "-256.0_0.0_-128.0_128.0": -0.4444444444444444,
    "-256.0_256.0_-256.0_128.0": -0.5,
    "-256.0_256.0_-128.0_128.0": -0.5,
    "-256.0_256.0_-128.0_256.0": -0.5,
    "0.0_-256.0_-128.0_-256.0": -0.4444444444444444,
    "0.0_-256.0_-128.0_-128.0": -0.5,
    "0.0_-256.0_0.0_-256.0": -0.5,
    "0.0_-256.0_0.0_-128.0": -0.4444444444444444,
    "0.0_-256.0_128.0_-256.0": -0.4444444444444444,
    "0.0_-256.0_128.0_-128.0": -0.5,
    "0.0_0.0_-128.0_-128.0": -1.0,
    "0.0_0.0_-128.0_0.0": -0.5,
    "0.0_0.0_-128.0_128.0": -0.5,
    "0.0_0.0_0.0_-128.0": -0.5,
    "0.0_0.0_0.0_0.0": -1.0,
    "0.0_0.0_0.0_128.0": -0.5,
    "0.0_0.0_128.0_-128.0": -0.5,
    "0.0_0.0_128.0_0.0": -0.5,
    "0.0_0.0_128.0_128.0": -0.5,
    "0.0_256.0_-128.0_128.0": -0.5,
    "0.0_256.0_-128.0_256.0": -0.5,
    "0.0_256.0_0.0_128.0": -0.5,
    "0.0_256.0_0.0_256.0": -0.5,
    "0.0_256.0_128.0_128.0": -0.5,
    "0.0_256.0_128.0_256.0": -0.5,
    "256.0_-256.0_128.0_-256.0": -0.5,
    "256.0_-256.0_128.0_-128.0": 0.4633333333333333,
    "256.0_-256.0_256.0_-128.0": 0.4444444444444444,
    "256.0_0.0_128.0_-128.0": -0.5,
    "256.0_0.0_128.0_0.0": -0.5,
    "256.0_0.0_128.0_128.0": -0.5,
    "256.0_0.0_256.0_-128.0": -0.5,
    "256.0_0.0_256.0_0.0": -0.5,
    "256.0_0.0_256.0_128.0": -0.5,
    "256.0_256.0_128.0_128.0": -0.5,
    "256.0_256.0_128.0_256.0": -0.5,
    "256.0_256.0_256.0_128.0": -0.5
}