{
    "-2_0_-2_0": -0.5555555555555556,
    "-2_0_-1_-1": -0.5555555555555556,
    "-2_0_-1_0": -0.5555555555555556,
    "-2_0_-1_1": -0.5,
    "-1_-1_-2_0": -0.7777777777777778,
    "-1_-1_-1_-1": -0.9444444444444444,
    "-1_-1_-1_0": -0.7777777777777778,
    "-1_-1_0_-2": -0.9444444444444444,
    "-1_-1_0_-1": -0.8333333333333334,
    "-1_-1_0_0": -0.9444444444444444,
    "-1_0_-2_0": -0.7777777777777778,
    "-1_0_-1_-1": -0.7777777777777778,
    "-1_0_-1_0": -0.7777777777777778,
    "-1_0_-1_1": -0.7777777777777778,
    "-1_0_0_-1": -0.7777777777777778,
    "-1_0_0_0": -0.7777777777777778,
    "-1_0_0_1": -0.7777777777777778,
    "-1_1_-2_0": -0.8333333333333334,
    "-1_1_-1_0": -0.5555555555555556,
    "-1_1_-1_1": -0.8333333333333334,
    "-1_1_0_0": -0.8333333333333334,
    "-1_1_0_1": -0.8333333333333334,
    "-1_1_0_2": -0.8333333333333334,
    "0_-2_-1_-1": -0.5,
    "0_-2_0_-2": -0.5555555555555556,
    "0_-2_0_-1": -0.5,
    "0_-2_1_-1": -0.5,
    "0_-1_-1_-1": -0.5,
    "0_-1_-1_0": -0.5,
    "0_-1_0_-2": -0.6111111111111112,
    "0_-1_0_-1": -0.2777777777777778,
    "0_-1_0_0": -0.5,
    "0_-1_1_-1": -0.16666666666666666,
    "0_-1_1_0": -0.5555555555555556,
    "0_0_-1_-1": -0.8333333333333334,
    "0_0_-1_0": -0.7777777777777778,
    "0_0_-1_1": -0.7777777777777778,
    "0_0_0_-1": -0.5555555555555556,
    "0_0_0_0": -0.6111111111111112,
    "0_0_0_1": -0.6111111111111112,
    "0_0_1_-1": -0.6111111111111112,
    "0_0_1_0": -0.8333333333333334,
    "0_0_1_1": -0.7777777777777778,
    "0_1_-1_0": -0.5555555555555556,
    "0_1_-1_1": 0.5555555555555556,
    "0_1_0_0": -0.5555555555555556,
    "0_1_0_1": -0.6111111111111112,
    "0_1_0_2": -0.5,
    "0_1_1_0": -0.5,
    "0_1_1_1": 0.5555555555555556,
    "0_2_-1_1": -0.5555555555555556,
    "0_2_0_1": -0.8333333333333334,
    "0_2_0_2": -0.5,
    "0_2_1_1": -0.8333333333333334,
    "1_-1_0_-2": -0.5,
    "1_-1_0_-1": -0.8333333333333334,
    "1_-1_0_0": -0.5,
    "1_-1_1_-1": -0.6111111111111112,
    "1_-1_1_0": -0.5555555555555556,
    "1_-1_2_0": -0.5555555555555556,
    "1_0_0_-1": -0.8333333333333334,
    "1_0_0_0": -0.8333333333333334,
    "1_0_0_1": -0.8333333333333334,
    "1_0_1_-1": -0.8333333333333334,
    "1_0_1_0": -0.8333333333333334,
    "1_0_1_1": -0.6111111111111112,
    "1_0_2_0": -0.5555555555555556,
    "1_1_0_0": 1.0,
    "1_1_0_1": 1.0,
    "1_1_0_2": 1.0,
    "1_1_1_0": 1.0,
    "1_1_1_1": 1.0,
    "1_1_2_0": 1.0,
    "2_0_1_-1": -0.8333333333333334,
    "2_0_1_0": -0.8333333333333334,
    "2_0_1_1": -0.6111111111111112,
    "2_0_2_0": -0.8333333333333334
}