{
    "-2_0_-2_0": 0.5555555555555556,
    "-2_0_-1_-1": 0.5555555555555556,
    "-2_0_-1_0": 0.5555555555555556,
    "-2_0_-1_1": 0.5555555555555556,
    "-1_-1_-2_0": -0.2222222222222222,
    "-1_-1_-1_-1": -0.3333333333333333,
    "-1_-1_-1_0": -0.2222222222222222,
    "-1_-1_0_-2": -0.2222222222222222,
    "-1_-1_0_-1": -0.2222222222222222,
    "-1_-1_0_0": -0.2222222222222222,
    "-1_0_-2_0": -0.5555555555555556,
    "-1_0_-1_-1": -0.5555555555555556,
    "-1_0_-1_0": -0.5555555555555556,
    "-1_0_-1_1": -0.5555555555555556,
    "-1_0_0_-1": -0.5555555555555556,
    "-1_0_0_0": -0.5555555555555556,
    "-1_0_0_1": -0.5555555555555556,
    "-1_1_-2_0": -0.2222222222222222,
    "-1_1_-1_0": -0.2222222222222222,
    "-1_1_-1_1": -0.3333333333333333,
    "-1_1_0_0": -0.2222222222222222,
    "-1_1_0_1": -0.2222222222222222,
    "-1_1_0_2": -0.2222222222222222,
    "0_-2_-1_-1": 0.2777777777777778,
    "0_-2_0_-2": 0.2777777777777778,
    "0_-2_0_-1": 0.2777777777777778,
    "0_-2_1_-1": 0.2777777777777778,
    "0_-1_-1_-1": -0.2222222222222222,
    "0_-1_-1_0": -0.2222222222222222,
    "0_-1_0_-2": -0.2222222222222222,
    "0_-1_0_-1": -0.2222222222222222,
    "0_-1_0_0": -0.2222222222222222,
    "0_-1_1_-1": -0.2222222222222222,
    "0_-1_1_0": -0.2222222222222222,
    "0_0_-1_-1": -0.5555555555555556,
    "0_0_-1_0": -0.5555555555555556,
    "0_0_-1_1": -0.2222222222222222,
    "0_0_0_-1": -0.5555555555555556,
    "0_0_0_0": -0.5555555555555556,
    "0_0_0_1": -0.5555555555555556,
    "0_0_1_-1": -0.5555555555555556,
    "0_0_1_0": -0.5555555555555556,
    "0_0_1_1": -0.5555555555555556,
    "0_1_-1_0": -0.3333333333333333,
    "0_1_-1_1": -0.3333333333333333,
    "0_1_0_0": -0.3333333333333333,
    "0_1_0_1": 0.3333333333333333,
    "0_1_0_2": -0.2222222222222222,
    "0_1_1_0": -0.2222222222222222,
    "0_1_1_1": 0.3333333333333333,
    "0_2_-1_1": -0.3333333333333333,
    "0_2_0_1": -0.2222222222222222,
    "0_2_0_2": -0.3333333333333333,
    "0_2_1_1": -0.2222222222222222,
    "1_-1_0_-2": -0.3333333333333333,
    "1_-1_0_-1": -0.3333333333333333,
    "1_-1_0_0": -0.2222222222222222,
    "1_-1_1_-1": -0.2222222222222222,
    "1_-1_1_0": -0.3333333333333333,
    "1_-1_2_0": -0.3333333333333333,
    "1_0_0_-1": -0.2222222222222222,
    "1_0_0_0": -0.2222222222222222,
    "1_0_0_1": -0.2222222222222222,
    "1_0_1_-1": -0.2222222222222222,
    "1_0_1_0": -0.2222222222222222,
    "1_0_1_1": -0.2222222222222222,
    "1_0_2_0": -0.1111111111111111,
    "1_1_0_0": 1.0,
    "1_1_0_1": 1.0,
    "1_1_0_2": 1.0,
    "1_1_1_0": 1.0,
    "1_1_1_1": 1.0,
    "1_1_2_0": 1.0,
    "2_0_1_-1": -0.2222222222222222,
    "2_0_1_0": -0.2222222222222222,
    "2_0_1_1": -0.2222222222222222,
    "2_0_2_0": -0.2222222222222222
}